circle,braid_x,braid_y,angle
0,-0.0195,0.2075,1.6644970386805036
71,-0.147,0.141,2.377024810228562
142,-0.202,0.011,3.0871909397880204
213,-0.155,-0.13,-2.443689830994736
284,-0.032,-0.205,-1.7256442591961265
355,0.112,-0.18,-1.0141970087846737
426,0.202,-0.0757,-0.3585536446106949
497,0.198,0.0679,0.33036191427550216
568,0.112,0.177,1.0066302673345568
